<annotation>
  <folder>20220306</folder>
  <filename>20220306_164718_041_saved.jpg</filename>
  <source>
    <database>Unknown</database>
    <annotation>Unknown</annotation>
    <image>Unknown</image>
  </source>
  <size>
    <width>1000</width>
    <height>750</height>
    <depth></depth>
  </size>
  <segmented>0</segmented>
  <object>
    <name>Fire</name>
    <truncated>0</truncated>
    <occluded>0</occluded>
    <difficult>0</difficult>
    <bndbox>
      <xmin>482.68</xmin>
      <ymin>106.59</ymin>
      <xmax>830.8</xmax>
      <ymax>520.32</ymax>
    </bndbox>
    <attributes>
      <attribute>
        <name>rotation</name>
        <value>0.0</value>
      </attribute>
    </attributes>
  </object>
  <object>
    <name>Fire</name>
    <truncated>0</truncated>
    <occluded>0</occluded>
    <difficult>0</difficult>
    <bndbox>
      <xmin>0.0</xmin>
      <ymin>334.41</ymin>
      <xmax>138.21</xmax>
      <ymax>513.03</ymax>
    </bndbox>
    <attributes>
      <attribute>
        <name>rotation</name>
        <value>0.0</value>
      </attribute>
    </attributes>
  </object>
</annotation>
