<annotation>
  <folder>20220306</folder>
  <filename>20220306_164643_084_saved.jpg</filename>
  <source>
    <database>Unknown</database>
    <annotation>Unknown</annotation>
    <image>Unknown</image>
  </source>
  <size>
    <width>1000</width>
    <height>750</height>
    <depth></depth>
  </size>
  <segmented>0</segmented>
  <object>
    <name>Fire</name>
    <truncated>0</truncated>
    <occluded>0</occluded>
    <difficult>0</difficult>
    <bndbox>
      <xmin>271.26</xmin>
      <ymin>176.76</ymin>
      <xmax>388.82</xmax>
      <ymax>310.72</ymax>
    </bndbox>
    <attributes>
      <attribute>
        <name>rotation</name>
        <value>0.0</value>
      </attribute>
    </attributes>
  </object>
  <object>
    <name>Fire</name>
    <truncated>0</truncated>
    <occluded>0</occluded>
    <difficult>0</difficult>
    <bndbox>
      <xmin>619.37</xmin>
      <ymin>254.22</ymin>
      <xmax>731.46</xmax>
      <ymax>341.7</ymax>
    </bndbox>
    <attributes>
      <attribute>
        <name>rotation</name>
        <value>0.0</value>
      </attribute>
    </attributes>
  </object>
</annotation>
