<annotation>
    <filename>20220207-141455.jpg</filename>
    <folder>fire2</folder>
    <source>
        <database>fire2</database>
        <annotation>custom</annotation>
        <image>custom</image>
    </source>
    <size>
        <width>1280</width>
        <height>720</height>
        <depth>3</depth>
    </size>
    <segmented>0</segmented>
    <object>
        <name>Fire</name>
        <pose>unspecified</pose>
        <truncated>0</truncated>
        <difficult>0</difficult>
        <bndbox>
            <xmin>681</xmin>
            <ymin>375</ymin>
            <xmax>698</xmax>
            <ymax>413</ymax>
        </bndbox>
    </object>
    <object>
        <name>Fire</name>
        <pose>unspecified</pose>
        <truncated>0</truncated>
        <difficult>0</difficult>
        <bndbox>
            <xmin>488</xmin>
            <ymin>101</ymin>
            <xmax>499</xmax>
            <ymax>135</ymax>
        </bndbox>
    </object>
    <object>
        <name>Fire</name>
        <pose>unspecified</pose>
        <truncated>0</truncated>
        <difficult>0</difficult>
        <bndbox>
            <xmin>350</xmin>
            <ymin>234</ymin>
            <xmax>356</xmax>
            <ymax>256</ymax>
        </bndbox>
    </object>
</annotation>
