<annotation>
    <filename>20220207-104627.jpg</filename>
    <folder>fire2</folder>
    <source>
        <database>fire2</database>
        <annotation>custom</annotation>
        <image>custom</image>
    </source>
    <size>
        <width>1280</width>
        <height>720</height>
        <depth>3</depth>
    </size>
    <segmented>0</segmented>
    <object>
        <name>Fire</name>
        <pose>unspecified</pose>
        <truncated>0</truncated>
        <difficult>0</difficult>
        <bndbox>
            <xmin>329</xmin>
            <ymin>209</ymin>
            <xmax>368</xmax>
            <ymax>259</ymax>
        </bndbox>
    </object>
    <object>
        <name>Fire</name>
        <pose>unspecified</pose>
        <truncated>0</truncated>
        <difficult>0</difficult>
        <bndbox>
            <xmin>661</xmin>
            <ymin>231</ymin>
            <xmax>726</xmax>
            <ymax>300</ymax>
        </bndbox>
    </object>
    <object>
        <name>Fire</name>
        <pose>unspecified</pose>
        <truncated>0</truncated>
        <difficult>0</difficult>
        <bndbox>
            <xmin>1013</xmin>
            <ymin>204</ymin>
            <xmax>1053</xmax>
            <ymax>250</ymax>
        </bndbox>
    </object>
</annotation>
