<annotation>
    <filename>20220207-131505.jpg</filename>
    <folder>fire2</folder>
    <source>
        <database>fire2</database>
        <annotation>custom</annotation>
        <image>custom</image>
    </source>
    <size>
        <width>1280</width>
        <height>720</height>
        <depth>3</depth>
    </size>
    <segmented>0</segmented>
    <object>
        <name>Fire</name>
        <pose>unspecified</pose>
        <truncated>0</truncated>
        <difficult>0</difficult>
        <bndbox>
            <xmin>479</xmin>
            <ymin>218</ymin>
            <xmax>500</xmax>
            <ymax>242</ymax>
        </bndbox>
    </object>
    <object>
        <name>Fire</name>
        <pose>unspecified</pose>
        <truncated>0</truncated>
        <difficult>0</difficult>
        <bndbox>
            <xmin>607</xmin>
            <ymin>230</ymin>
            <xmax>675</xmax>
            <ymax>271</ymax>
        </bndbox>
    </object>
    <object>
        <name>Fire</name>
        <pose>unspecified</pose>
        <truncated>0</truncated>
        <difficult>0</difficult>
        <bndbox>
            <xmin>859</xmin>
            <ymin>251</ymin>
            <xmax>886</xmax>
            <ymax>273</ymax>
        </bndbox>
    </object>
</annotation>
