<annotation>
    <filename>20220207-105246.jpg</filename>
    <folder>fire2</folder>
    <source>
        <database>fire2</database>
        <annotation>custom</annotation>
        <image>custom</image>
    </source>
    <size>
        <width>1280</width>
        <height>720</height>
        <depth>3</depth>
    </size>
    <segmented>0</segmented>
    <object>
        <name>Fire</name>
        <pose>unspecified</pose>
        <truncated>0</truncated>
        <difficult>0</difficult>
        <bndbox>
            <xmin>357</xmin>
            <ymin>308</ymin>
            <xmax>392</xmax>
            <ymax>390</ymax>
        </bndbox>
    </object>
    <object>
        <name>Fire</name>
        <pose>unspecified</pose>
        <truncated>0</truncated>
        <difficult>0</difficult>
        <bndbox>
            <xmin>708</xmin>
            <ymin>309</ymin>
            <xmax>811</xmax>
            <ymax>448</ymax>
        </bndbox>
    </object>
    <object>
        <name>Fire</name>
        <pose>unspecified</pose>
        <truncated>0</truncated>
        <difficult>0</difficult>
        <bndbox>
            <xmin>1238</xmin>
            <ymin>272</ymin>
            <xmax>1270</xmax>
            <ymax>350</ymax>
        </bndbox>
    </object>
</annotation>
