<annotation>
    <filename>20220207-105349.jpg</filename>
    <folder>fire2</folder>
    <source>
        <database>fire2</database>
        <annotation>custom</annotation>
        <image>custom</image>
    </source>
    <size>
        <width>1280</width>
        <height>720</height>
        <depth>3</depth>
    </size>
    <segmented>0</segmented>
    <object>
        <name>Fire</name>
        <pose>unspecified</pose>
        <truncated>0</truncated>
        <difficult>0</difficult>
        <bndbox>
            <xmin>354</xmin>
            <ymin>323</ymin>
            <xmax>392</xmax>
            <ymax>385</ymax>
        </bndbox>
    </object>
    <object>
        <name>Fire</name>
        <pose>unspecified</pose>
        <truncated>0</truncated>
        <difficult>0</difficult>
        <bndbox>
            <xmin>711</xmin>
            <ymin>320</ymin>
            <xmax>798</xmax>
            <ymax>451</ymax>
        </bndbox>
    </object>
    <object>
        <name>Fire</name>
        <pose>unspecified</pose>
        <truncated>0</truncated>
        <difficult>0</difficult>
        <bndbox>
            <xmin>1234</xmin>
            <ymin>289</ymin>
            <xmax>1268</xmax>
            <ymax>352</ymax>
        </bndbox>
    </object>
</annotation>
