<annotation>
    <filename>20220207-134609.jpg</filename>
    <folder>fire2</folder>
    <source>
        <database>fire2</database>
        <annotation>custom</annotation>
        <image>custom</image>
    </source>
    <size>
        <width>1280</width>
        <height>720</height>
        <depth>3</depth>
    </size>
    <segmented>0</segmented>
    <object>
        <name>Fire</name>
        <pose>unspecified</pose>
        <truncated>0</truncated>
        <difficult>0</difficult>
        <bndbox>
            <xmin>1242</xmin>
            <ymin>255</ymin>
            <xmax>1254</xmax>
            <ymax>294</ymax>
        </bndbox>
    </object>
    <object>
        <name>Fire</name>
        <pose>unspecified</pose>
        <truncated>0</truncated>
        <difficult>0</difficult>
        <bndbox>
            <xmin>1075</xmin>
            <ymin>472</ymin>
            <xmax>1104</xmax>
            <ymax>535</ymax>
        </bndbox>
    </object>
</annotation>
