<annotation>
    <filename>20220207-104223.jpg</filename>
    <folder>fire2</folder>
    <source>
        <database>fire2</database>
        <annotation>custom</annotation>
        <image>custom</image>
    </source>
    <size>
        <width>1280</width>
        <height>720</height>
        <depth>3</depth>
    </size>
    <segmented>0</segmented>
    <object>
        <name>Fire</name>
        <pose>unspecified</pose>
        <truncated>0</truncated>
        <difficult>0</difficult>
        <bndbox>
            <xmin>311</xmin>
            <ymin>450</ymin>
            <xmax>356</xmax>
            <ymax>525</ymax>
        </bndbox>
    </object>
    <object>
        <name>Fire</name>
        <pose>unspecified</pose>
        <truncated>0</truncated>
        <difficult>0</difficult>
        <bndbox>
            <xmin>664</xmin>
            <ymin>488</ymin>
            <xmax>774</xmax>
            <ymax>622</ymax>
        </bndbox>
    </object>
    <object>
        <name>Fire</name>
        <pose>unspecified</pose>
        <truncated>0</truncated>
        <difficult>0</difficult>
        <bndbox>
            <xmin>1099</xmin>
            <ymin>431</ymin>
            <xmax>1143</xmax>
            <ymax>508</ymax>
        </bndbox>
    </object>
</annotation>
