<annotation>
  <folder>20220306</folder>
  <filename>20220306_164710_030_saved.jpg</filename>
  <source>
    <database>Unknown</database>
    <annotation>Unknown</annotation>
    <image>Unknown</image>
  </source>
  <size>
    <width>1000</width>
    <height>750</height>
    <depth></depth>
  </size>
  <segmented>0</segmented>
  <object>
    <name>Fire</name>
    <truncated>0</truncated>
    <occluded>0</occluded>
    <difficult>0</difficult>
    <bndbox>
      <xmin>352.36</xmin>
      <ymin>266.97</ymin>
      <xmax>428.0</xmax>
      <ymax>367.22</ymax>
    </bndbox>
    <attributes>
      <attribute>
        <name>rotation</name>
        <value>0.0</value>
      </attribute>
    </attributes>
  </object>
  <object>
    <name>Fire</name>
    <truncated>0</truncated>
    <occluded>0</occluded>
    <difficult>0</difficult>
    <bndbox>
      <xmin>689.54</xmin>
      <ymin>58.29</ymin>
      <xmax>849.02</xmax>
      <ymax>324.39</ymax>
    </bndbox>
    <attributes>
      <attribute>
        <name>rotation</name>
        <value>0.0</value>
      </attribute>
    </attributes>
  </object>
</annotation>
