<annotation>
  <folder></folder>
  <filename>img (65).jpg</filename>
  <source>
    <database>Unknown</database>
    <annotation>Unknown</annotation>
    <image>Unknown</image>
  </source>
  <size>
    <width>299</width>
    <height>169</height>
    <depth></depth>
  </size>
  <segmented>0</segmented>
  <object>
    <name>Fire</name>
    <truncated>0</truncated>
    <occluded>0</occluded>
    <difficult>0</difficult>
    <bndbox>
      <xmin>119.64</xmin>
      <ymin>12.44</ymin>
      <xmax>187.87</xmax>
      <ymax>103.47</ymax>
    </bndbox>
    <attributes>
      <attribute>
        <name>rotation</name>
        <value>0.0</value>
      </attribute>
    </attributes>
  </object>
</annotation>
